{
    "name":"Blog(vinlandCMS)",
    "description":"the default template for vinland CMS",
    "type":"Blog",
    "data": [
        {
            "name": "latest",
            "sort": "-date",
            "limit": 6
        },
        {
            "name": "popular",
            "sort": "-visited",
            "limit": 4
        }
    ],
    "structure":{
        "Index": "Index",
        "Categories": "Categories",
        "Post": "Post",
        "CreatePost": "Create",
        "EditPost": "Edit",
        "Tags": "Tags",
        "Search": "Search",
        "Messenger": "Messenger",
        "Profile": "Profile",
        "Error": "Error"
    }
}